sub001,2drt_14_picture3
sub001,2drt_01_vcv1_r2
sub002,2drt_11_postures_r2
sub002,2drt_07_grandfather1_r1
sub003,2drt_06_rainbow_r1
sub003,2drt_07_grandfather1_r2
sub004,2drt_01_vcv1_r1
sub004,2drt_09_northwind1_r2
sub005,2drt_03_vcv3_r2
sub005,2drt_05_shibboleth_r2
sub006,2drt_08_grandfather2_r2
sub006,2drt_02_vcv2_r2
sub007,2drt_09_northwind1_r2
sub007,2drt_15_picture4
sub008,2drt_18_topic2
sub008,2drt_11_postures_r1
sub009,2drt_20_topic4
sub009,2drt_04_bvt_r2
sub010,2drt_07_grandfather1_r1
sub010,2drt_02_vcv2_r1
sub011,2drt_20_topic4
sub011,2drt_03_vcv3_r2
sub012,2drt_15_picture4
sub012,2drt_08_grandfather2_r1
sub013,2drt_10_northwind2_r1
sub013,2drt_02_vcv2_r1
sub014,2drt_09_northwind1_r1
sub014,2drt_17_topic1
sub015,2drt_05_shibboleth_r1
sub015,2drt_08_grandfather2_r1
sub016,2drt_14_picture3
sub016,2drt_16_picture5
sub017,2drt_02_vcv2_r1
sub017,2drt_21_topic5
sub018,2drt_10_northwind2_r1
sub018,2drt_11_postures_r2
sub019,2drt_03_vcv3_r2
sub019,2drt_06_rainbow_r1
sub020,2drt_01_vcv1_r1
sub020,2drt_08_grandfather2_r1
sub021,2drt_05_shibboleth_r1
sub021,2drt_08_grandfather2_r2
sub022,2drt_12_picture1
sub022,2drt_07_grandfather1_r2
sub023,2drt_08_grandfather2_r1
sub023,2drt_19_topic3
sub024,2drt_07_grandfather1_r2
sub024,2drt_21_topic5
sub025,2drt_01_vcv1_r2
sub025,2drt_21_topic5
sub026,2drt_08_grandfather2_r1
sub026,2drt_02_vcv2_r2
sub027,2drt_03_vcv3_r2
sub027,2drt_20_topic4
sub028,2drt_20_topic4
sub028,2drt_10_northwind2_r2
sub029,2drt_10_northwind2_r1
sub029,2drt_13_picture2
sub030,2drt_11_postures_r2
sub030,2drt_09_northwind1_r2
sub031,2drt_08_grandfather2_r2
sub031,2drt_13_picture2
sub032,2drt_20_topic4
sub032,2drt_08_grandfather2_r2
sub033,2drt_02_vcv2_r2
sub033,2drt_21_topic5
sub034,2drt_10_northwind2_r1
sub034,2drt_02_vcv2_r2
sub035,2drt_05_shibboleth_r1
sub035,2drt_01_vcv1_r2
sub036,2drt_14_picture3
sub036,2drt_05_shibboleth_r1
sub037,2drt_04_bvt_r1
sub037,2drt_05_shibboleth_r1
sub038,2drt_02_vcv2_r2
sub038,2drt_05_shibboleth_r2
sub039,2drt_08_grandfather2_r2
sub039,2drt_10_northwind2_r1
sub040,2drt_20_topic4
sub040,2drt_21_topic5
sub041,2drt_18_topic2
sub041,2drt_08_grandfather2_r1
sub042,2drt_06_rainbow_r2
sub042,2drt_17_topic1
sub043,2drt_18_topic2
sub043,2drt_10_northwind2_r2
sub044,2drt_04_bvt_r1
sub044,2drt_07_grandfather1_r2
sub045,2drt_20_topic4
sub045,2drt_09_northwind1_r2
sub046,2drt_03_vcv3_r2
sub046,2drt_08_grandfather2_r1
sub047,2drt_07_grandfather1_r1
sub047,2drt_11_postures_r2
sub048,2drt_14_picture3
sub048,2drt_08_grandfather2_r2
sub049,2drt_08_grandfather2_r1
sub049,2drt_04_bvt_r1
sub050,2drt_15_picture4
sub050,2drt_06_rainbow_r1
sub051,2drt_06_rainbow_r2
sub051,2drt_11_postures_r1
sub052,2drt_07_grandfather1_r1
sub052,2drt_19_topic3
sub053,2drt_03_vcv3_r1
sub053,2drt_03_vcv3_r2
sub054,2drt_20_topic4
sub054,2drt_02_vcv2_r2
sub055,2drt_01_vcv1_r1
sub055,2drt_05_shibboleth_r2
sub056,2drt_17_topic1
sub056,2drt_03_vcv3_r2
sub057,2drt_01_vcv1_r1
sub057,2drt_09_northwind1_r2
sub058,2drt_07_grandfather1_r2
sub058,2drt_03_vcv3_r1
sub059,2drt_21_topic5
sub059,2drt_08_grandfather2_r2
sub060,2drt_07_grandfather1_r2
sub060,2drt_01_vcv1_r2
sub061,2drt_07_grandfather1_r2
sub061,2drt_14_picture3
sub062,2drt_12_picture1
sub062,2drt_02_vcv2_r2
sub063,2drt_02_vcv2_r1
sub063,2drt_03_vcv3_r1
sub064,2drt_08_grandfather2_r2
sub064,2drt_10_northwind2_r2
sub065,2drt_05_shibboleth_r1
sub065,2drt_03_vcv3_r1
sub066,2drt_01_vcv1_r2
sub066,2drt_08_grandfather2_r2
sub067,2drt_06_rainbow_r1
sub067,2drt_09_northwind1_r2
sub068,2drt_09_northwind1_r2
sub068,2drt_10_northwind2_r1
sub069,2drt_15_picture4
sub069,2drt_05_shibboleth_r2
sub070,2drt_17_topic1
sub070,2drt_07_grandfather1_r2
sub071,2drt_11_postures_r2
sub071,2drt_04_bvt_r1
sub072,2drt_03_vcv3_r2
sub072,2drt_05_shibboleth_r2
sub073,2drt_06_rainbow_r2
sub073,2drt_04_bvt_r1
sub074,2drt_01_vcv1_r1
sub074,2drt_07_grandfather1_r2
sub075,2drt_21_topic5
sub075,2drt_08_grandfather2_r1
